{
  "name": "automa",
  "version": "0.1.0",
  "private": true,
  "dependencies": {
    "@emotion/react": "^11.11.1",
    "@emotion/styled": "^11.11.0",
    "@mui/icons-material": "^5.14.8",
    "@mui/material": "^5.14.8",
    "@reactflow/background": "^11.2.8",
    "@reactflow/controls": "^11.1.19",
    "@reactflow/minimap": "^11.6.3",
    "@reactflow/node-toolbar": "^1.2.7",
    "@testing-library/jest-dom": "^5.17.0",
    "@testing-library/react": "^13.4.0",
    "@testing-library/user-event": "^13.5.0",
    "flatted": "^3.2.7",
    "react": "^18.2.0",
    "react-dom": "^18.2.0",
    "react-icons": "^4.11.0",
    "react-resize-detector": "^9.1.0",
    "react-scripts": "^5.0.1",
    "reactflow": "^11.8.3",
    "short-unique-id": "^5.0.2",
    "web-vitals": "^2.1.4"
  },
  "scripts": {
    "start": "react-scripts start",
    "build": "react-scripts build",
    "test": "react-scripts test",
    "eject": "react-scripts eject"
  },
  "eslintConfig": {
    "extends": [
      "react-app",
      "react-app/jest"
    ]
  },
  "browserslist": {
    "production": [
      ">0.2%",
      "not dead",
      "not op_mini all"
    ],
    "development": [
      "last 1 chrome version",
      "last 1 firefox version",
      "last 1 safari version"
    ]
  }
}
